,title,언론사,언론사 링크,기사 링크
0,서울,연합뉴스,https://www.yna.co.kr/,http://yna.kr/AKR20200910080800017?did=1195m
1,연합,연합뉴스,https://www.yna.co.kr/,http://yna.kr/AKR20200910080800017?did=1195m
2,연합뉴스,연합뉴스,https://www.yna.co.kr/,http://yna.kr/AKR20200910080800017?did=1195m
3,뉴스,연합뉴스,https://www.yna.co.kr/,http://yna.kr/AKR20200910080800017?did=1195m
4,정윤,연합뉴스,https://www.yna.co.kr/,http://yna.kr/AKR20200910080800017?did=1195m
5,정윤주,연합뉴스,https://www.yna.co.kr/,http://yna.kr/AKR20200910080800017?did=1195m
6,기자,연합뉴스,https://www.yna.co.kr/,http://yna.kr/AKR20200910080800017?did=1195m
7,현대,연합뉴스,https://www.yna.co.kr/,http://yna.kr/AKR20200910080800017?did=1195m
8,현대자동차,연합뉴스,https://www.yna.co.kr/,http://yna.kr/AKR20200910080800017?did=1195m
9,자동차,연합뉴스,https://www.yna.co.kr/,http://yna.kr/AKR20200910080800017?did=1195m
10,기아,연합뉴스,https://www.yna.co.kr/,http://yna.kr/AKR20200910080800017?did=1195m
11,기아자동차,연합뉴스,https://www.yna.co.kr/,http://yna.kr/AKR20200910080800017?did=1195m
12,기간,연합뉴스,https://www.yna.co.kr/,http://yna.kr/AKR20200910080800017?did=1195m
13,기간통신사업자,연합뉴스,https://www.yna.co.kr/,http://yna.kr/AKR20200910080800017?did=1195m
14,통신,연합뉴스,https://www.yna.co.kr/,http://yna.kr/AKR20200910080800017?did=1195m
15,사업자,연합뉴스,https://www.yna.co.kr/,http://yna.kr/AKR20200910080800017?did=1195m
16,이동,연합뉴스,https://www.yna.co.kr/,http://yna.kr/AKR20200910080800017?did=1195m
17,이동통신,연합뉴스,https://www.yna.co.kr/,http://yna.kr/AKR20200910080800017?did=1195m
18,재판매,연합뉴스,https://www.yna.co.kr/,http://yna.kr/AKR20200910080800017?did=1195m
19,등록,연합뉴스,https://www.yna.co.kr/,http://yna.kr/AKR20200910080800017?did=1195m
20,차량,연합뉴스,https://www.yna.co.kr/,http://yna.kr/AKR20200910080800017?did=1195m
21,차량제어,연합뉴스,https://www.yna.co.kr/,http://yna.kr/AKR20200910080800017?did=1195m
22,제어,연합뉴스,https://www.yna.co.kr/,http://yna.kr/AKR20200910080800017?did=1195m
23,인포,연합뉴스,https://www.yna.co.kr/,http://yna.kr/AKR20200910080800017?did=1195m
24,인포테,연합뉴스,https://www.yna.co.kr/,http://yna.kr/AKR20200910080800017?did=1195m
25,먼트,연합뉴스,https://www.yna.co.kr/,http://yna.kr/AKR20200910080800017?did=1195m
26,융합,연합뉴스,https://www.yna.co.kr/,http://yna.kr/AKR20200910080800017?did=1195m
27,융합서비스,연합뉴스,https://www.yna.co.kr/,http://yna.kr/AKR20200910080800017?did=1195m
28,서비스,연합뉴스,https://www.yna.co.kr/,http://yna.kr/AKR20200910080800017?did=1195m
29,출시,연합뉴스,https://www.yna.co.kr/,http://yna.kr/AKR20200910080800017?did=1195m
30,속도,연합뉴스,https://www.yna.co.kr/,http://yna.kr/AKR20200910080800017?did=1195m
31,과학,연합뉴스,https://www.yna.co.kr/,http://yna.kr/AKR20200910080800017?did=1195m
32,과학기술정보통신,연합뉴스,https://www.yna.co.kr/,http://yna.kr/AKR20200910080800017?did=1195m
33,기술,연합뉴스,https://www.yna.co.kr/,http://yna.kr/AKR20200910080800017?did=1195m
34,정보,연합뉴스,https://www.yna.co.kr/,http://yna.kr/AKR20200910080800017?did=1195m
35,10일,연합뉴스,https://www.yna.co.kr/,http://yna.kr/AKR20200910080800017?did=1195m
36,기아차가,연합뉴스,https://www.yna.co.kr/,http://yna.kr/AKR20200910080800017?did=1195m
37,차가,연합뉴스,https://www.yna.co.kr/,http://yna.kr/AKR20200910080800017?did=1195m
38,현대차,연합뉴스,https://www.yna.co.kr/,http://yna.kr/AKR20200910080800017?did=1195m
39,기아차,연합뉴스,https://www.yna.co.kr/,http://yna.kr/AKR20200910080800017?did=1195m
40,텔레콤,연합뉴스,https://www.yna.co.kr/,http://yna.kr/AKR20200910080800017?did=1195m
41,초연,연합뉴스,https://www.yna.co.kr/,http://yna.kr/AKR20200910080800017?did=1195m
42,초연결성,연합뉴스,https://www.yna.co.kr/,http://yna.kr/AKR20200910080800017?did=1195m
43,결성,연합뉴스,https://www.yna.co.kr/,http://yna.kr/AKR20200910080800017?did=1195m
44,기반,연합뉴스,https://www.yna.co.kr/,http://yna.kr/AKR20200910080800017?did=1195m
45,안전,연합뉴스,https://www.yna.co.kr/,http://yna.kr/AKR20200910080800017?did=1195m
46,안전보안,연합뉴스,https://www.yna.co.kr/,http://yna.kr/AKR20200910080800017?did=1195m
47,보안,연합뉴스,https://www.yna.co.kr/,http://yna.kr/AKR20200910080800017?did=1195m
48,일상,연합뉴스,https://www.yna.co.kr/,http://yna.kr/AKR20200910080800017?did=1195m
49,자리,연합뉴스,https://www.yna.co.kr/,http://yna.kr/AKR20200910080800017?did=1195m
50,관련,연합뉴스,https://www.yna.co.kr/,http://yna.kr/AKR20200910080800017?did=1195m
51,역량,연합뉴스,https://www.yna.co.kr/,http://yna.kr/AKR20200910080800017?did=1195m
52,강화,연합뉴스,https://www.yna.co.kr/,http://yna.kr/AKR20200910080800017?did=1195m
53,설명,연합뉴스,https://www.yna.co.kr/,http://yna.kr/AKR20200910080800017?did=1195m
54,국내,연합뉴스,https://www.yna.co.kr/,http://yna.kr/AKR20200910080800017?did=1195m
55,메르,연합뉴스,https://www.yna.co.kr/,http://yna.kr/AKR20200910080800017?did=1195m
56,데스,연합뉴스,https://www.yna.co.kr/,http://yna.kr/AKR20200910080800017?did=1195m
57,데스벤츠코리아,연합뉴스,https://www.yna.co.kr/,http://yna.kr/AKR20200910080800017?did=1195m
58,벤츠,연합뉴스,https://www.yna.co.kr/,http://yna.kr/AKR20200910080800017?did=1195m
59,코리아,연합뉴스,https://www.yna.co.kr/,http://yna.kr/AKR20200910080800017?did=1195m
60,르노,연합뉴스,https://www.yna.co.kr/,http://yna.kr/AKR20200910080800017?did=1195m
61,르노삼성,연합뉴스,https://www.yna.co.kr/,http://yna.kr/AKR20200910080800017?did=1195m
62,삼성,연합뉴스,https://www.yna.co.kr/,http://yna.kr/AKR20200910080800017?did=1195m
63,쌍용,연합뉴스,https://www.yna.co.kr/,http://yna.kr/AKR20200910080800017?did=1195m
64,쌍용차,연합뉴스,https://www.yna.co.kr/,http://yna.kr/AKR20200910080800017?did=1195m
65,테슬라,연합뉴스,https://www.yna.co.kr/,http://yna.kr/AKR20200910080800017?did=1195m
66,테슬라코리아,연합뉴스,https://www.yna.co.kr/,http://yna.kr/AKR20200910080800017?did=1195m
67,방식,연합뉴스,https://www.yna.co.kr/,http://yna.kr/AKR20200910080800017?did=1195m
68,회선,연합뉴스,https://www.yna.co.kr/,http://yna.kr/AKR20200910080800017?did=1195m
69,제공,연합뉴스,https://www.yna.co.kr/,http://yna.kr/AKR20200910080800017?did=1195m
70,아우,연합뉴스,https://www.yna.co.kr/,http://yna.kr/AKR20200910080800017?did=1195m
71,아우디폭스바겐,연합뉴스,https://www.yna.co.kr/,http://yna.kr/AKR20200910080800017?did=1195m
72,폭스바겐,연합뉴스,https://www.yna.co.kr/,http://yna.kr/AKR20200910080800017?did=1195m
73,해외,연합뉴스,https://www.yna.co.kr/,http://yna.kr/AKR20200910080800017?did=1195m
74,이통사,연합뉴스,https://www.yna.co.kr/,http://yna.kr/AKR20200910080800017?did=1195m
75,통사,연합뉴스,https://www.yna.co.kr/,http://yna.kr/AKR20200910080800017?did=1195m
76,로밍,연합뉴스,https://www.yna.co.kr/,http://yna.kr/AKR20200910080800017?did=1195m
77,과기,연합뉴스,https://www.yna.co.kr/,http://yna.kr/AKR20200910080800017?did=1195m
78,과기정통부,연합뉴스,https://www.yna.co.kr/,http://yna.kr/AKR20200910080800017?did=1195m
79,정통부,연합뉴스,https://www.yna.co.kr/,http://yna.kr/AKR20200910080800017?did=1195m
80,데이터,연합뉴스,https://www.yna.co.kr/,http://yna.kr/AKR20200910080800017?did=1195m
81,선구매제,연합뉴스,https://www.yna.co.kr/,http://yna.kr/AKR20200910080800017?did=1195m
82,구매제,연합뉴스,https://www.yna.co.kr/,http://yna.kr/AKR20200910080800017?did=1195m
83,다량,연합뉴스,https://www.yna.co.kr/,http://yna.kr/AKR20200910080800017?did=1195m
84,다량구매할인,연합뉴스,https://www.yna.co.kr/,http://yna.kr/AKR20200910080800017?did=1195m
85,구매,연합뉴스,https://www.yna.co.kr/,http://yna.kr/AKR20200910080800017?did=1195m
86,할인,연합뉴스,https://www.yna.co.kr/,http://yna.kr/AKR20200910080800017?did=1195m
87,확대,연합뉴스,https://www.yna.co.kr/,http://yna.kr/AKR20200910080800017?did=1195m
88,사업,연합뉴스,https://www.yna.co.kr/,http://yna.kr/AKR20200910080800017?did=1195m
89,영역,연합뉴스,https://www.yna.co.kr/,http://yna.kr/AKR20200910080800017?did=1195m
90,완성,연합뉴스,https://www.yna.co.kr/,http://yna.kr/AKR20200910080800017?did=1195m
91,완성차,연합뉴스,https://www.yna.co.kr/,http://yna.kr/AKR20200910080800017?did=1195m
92,분야,연합뉴스,https://www.yna.co.kr/,http://yna.kr/AKR20200910080800017?did=1195m
93,지원,연합뉴스,https://www.yna.co.kr/,http://yna.kr/AKR20200910080800017?did=1195m
94,계획,연합뉴스,https://www.yna.co.kr/,http://yna.kr/AKR20200910080800017?did=1195m
95,홍진,연합뉴스,https://www.yna.co.kr/,http://yna.kr/AKR20200910080800017?did=1195m
96,홍진배,연합뉴스,https://www.yna.co.kr/,http://yna.kr/AKR20200910080800017?did=1195m
97,통신정책관,연합뉴스,https://www.yna.co.kr/,http://yna.kr/AKR20200910080800017?did=1195m
98,정책,연합뉴스,https://www.yna.co.kr/,http://yna.kr/AKR20200910080800017?did=1195m
99,에너지,연합뉴스,https://www.yna.co.kr/,http://yna.kr/AKR20200910080800017?did=1195m
100,모니터링,연합뉴스,https://www.yna.co.kr/,http://yna.kr/AKR20200910080800017?did=1195m
101,다양,연합뉴스,https://www.yna.co.kr/,http://yna.kr/AKR20200910080800017?did=1195m
102,산업,연합뉴스,https://www.yna.co.kr/,http://yna.kr/AKR20200910080800017?did=1195m
103,확산,연합뉴스,https://www.yna.co.kr/,http://yna.kr/AKR20200910080800017?did=1195m
104,기대,연합뉴스,https://www.yna.co.kr/,http://yna.kr/AKR20200910080800017?did=1195m
105,사업모델,연합뉴스,https://www.yna.co.kr/,http://yna.kr/AKR20200910080800017?did=1195m
106,모델,연합뉴스,https://www.yna.co.kr/,http://yna.kr/AKR20200910080800017?did=1195m
107,창출,연합뉴스,https://www.yna.co.kr/,http://yna.kr/AKR20200910080800017?did=1195m
108,기존,연합뉴스,https://www.yna.co.kr/,http://yna.kr/AKR20200910080800017?did=1195m
109,음성,연합뉴스,https://www.yna.co.kr/,http://yna.kr/AKR20200910080800017?did=1195m
110,전화,연합뉴스,https://www.yna.co.kr/,http://yna.kr/AKR20200910080800017?did=1195m
111,중심,연합뉴스,https://www.yna.co.kr/,http://yna.kr/AKR20200910080800017?did=1195m
112,도매,연합뉴스,https://www.yna.co.kr/,http://yna.kr/AKR20200910080800017?did=1195m
113,지속,연합뉴스,https://www.yna.co.kr/,http://yna.kr/AKR20200910080800017?did=1195m
114,정비,연합뉴스,https://www.yna.co.kr/,http://yna.kr/AKR20200910080800017?did=1195m
115,이데일리,이데일리,http://www.edaily.co.kr/,http://www.edaily.co.kr/news/newspath.asp?newsid=01899126625898808
116,데일리,이데일리,http://www.edaily.co.kr/,http://www.edaily.co.kr/news/newspath.asp?newsid=01899126625898808
117,이승,이데일리,http://www.edaily.co.kr/,http://www.edaily.co.kr/news/newspath.asp?newsid=01899126625898808
118,기자,이데일리,http://www.edaily.co.kr/,http://www.edaily.co.kr/news/newspath.asp?newsid=01899126625898808
119,대한,이데일리,http://www.edaily.co.kr/,http://www.edaily.co.kr/news/newspath.asp?newsid=01899126625898808
120,대한민국,이데일리,http://www.edaily.co.kr/,http://www.edaily.co.kr/news/newspath.asp?newsid=01899126625898808
121,민국,이데일리,http://www.edaily.co.kr/,http://www.edaily.co.kr/news/newspath.asp?newsid=01899126625898808
122,스포츠,이데일리,http://www.edaily.co.kr/,http://www.edaily.co.kr/news/newspath.asp?newsid=01899126625898808
123,스포츠인,이데일리,http://www.edaily.co.kr/,http://www.edaily.co.kr/news/newspath.asp?newsid=01899126625898808
124,대상,이데일리,http://www.edaily.co.kr/,http://www.edaily.co.kr/news/newspath.asp?newsid=01899126625898808
125,운영,이데일리,http://www.edaily.co.kr/,http://www.edaily.co.kr/news/newspath.asp?newsid=01899126625898808
126,운영중인,이데일리,http://www.edaily.co.kr/,http://www.edaily.co.kr/news/newspath.asp?newsid=01899126625898808
127,중인,이데일리,http://www.edaily.co.kr/,http://www.edaily.co.kr/news/newspath.asp?newsid=01899126625898808
128,스팅어,이데일리,http://www.edaily.co.kr/,http://www.edaily.co.kr/news/newspath.asp?newsid=01899126625898808
129,펠로,이데일리,http://www.edaily.co.kr/,http://www.edaily.co.kr/news/newspath.asp?newsid=01899126625898808
130,펠로우십,이데일리,http://www.edaily.co.kr/,http://www.edaily.co.kr/news/newspath.asp?newsid=01899126625898808
131,프로그램,이데일리,http://www.edaily.co.kr/,http://www.edaily.co.kr/news/newspath.asp?newsid=01899126625898808
132,남자,이데일리,http://www.edaily.co.kr/,http://www.edaily.co.kr/news/newspath.asp?newsid=01899126625898808
133,남자배구,이데일리,http://www.edaily.co.kr/,http://www.edaily.co.kr/news/newspath.asp?newsid=01899126625898808
134,배구,이데일리,http://www.edaily.co.kr/,http://www.edaily.co.kr/news/newspath.asp?newsid=01899126625898808
135,간판,이데일리,http://www.edaily.co.kr/,http://www.edaily.co.kr/news/newspath.asp?newsid=01899126625898808
136,간판스타,이데일리,http://www.edaily.co.kr/,http://www.edaily.co.kr/news/newspath.asp?newsid=01899126625898808
137,스타,이데일리,http://www.edaily.co.kr/,http://www.edaily.co.kr/news/newspath.asp?newsid=01899126625898808
138,문성,이데일리,http://www.edaily.co.kr/,http://www.edaily.co.kr/news/newspath.asp?newsid=01899126625898808
139,문성민,이데일리,http://www.edaily.co.kr/,http://www.edaily.co.kr/news/newspath.asp?newsid=01899126625898808
140,선수,이데일리,http://www.edaily.co.kr/,http://www.edaily.co.kr/news/newspath.asp?newsid=01899126625898808
141,참여,이데일리,http://www.edaily.co.kr/,http://www.edaily.co.kr/news/newspath.asp?newsid=01899126625898808
142,10일,이데일리,http://www.edaily.co.kr/,http://www.edaily.co.kr/news/newspath.asp?newsid=01899126625898808
143,선배,이데일리,http://www.edaily.co.kr/,http://www.edaily.co.kr/news/newspath.asp?newsid=01899126625898808
144,후배,이데일리,http://www.edaily.co.kr/,http://www.edaily.co.kr/news/newspath.asp?newsid=01899126625898808
145,나눔,이데일리,http://www.edaily.co.kr/,http://www.edaily.co.kr/news/newspath.asp?newsid=01899126625898808
146,실천,이데일리,http://www.edaily.co.kr/,http://www.edaily.co.kr/news/newspath.asp?newsid=01899126625898808
147,기아,이데일리,http://www.edaily.co.kr/,http://www.edaily.co.kr/news/newspath.asp?newsid=01899126625898808
148,기아자동차,이데일리,http://www.edaily.co.kr/,http://www.edaily.co.kr/news/newspath.asp?newsid=01899126625898808
149,자동차,이데일리,http://www.edaily.co.kr/,http://www.edaily.co.kr/news/newspath.asp?newsid=01899126625898808
150,사회,이데일리,http://www.edaily.co.kr/,http://www.edaily.co.kr/news/newspath.asp?newsid=01899126625898808
151,사회공헌,이데일리,http://www.edaily.co.kr/,http://www.edaily.co.kr/news/newspath.asp?newsid=01899126625898808
152,공헌,이데일리,http://www.edaily.co.kr/,http://www.edaily.co.kr/news/newspath.asp?newsid=01899126625898808
153,프로,이데일리,http://www.edaily.co.kr/,http://www.edaily.co.kr/news/newspath.asp?newsid=01899126625898808
154,프로스포츠협회,이데일리,http://www.edaily.co.kr/,http://www.edaily.co.kr/news/newspath.asp?newsid=01899126625898808
155,협회,이데일리,http://www.edaily.co.kr/,http://www.edaily.co.kr/news/newspath.asp?newsid=01899126625898808
156,소속,이데일리,http://www.edaily.co.kr/,http://www.edaily.co.kr/news/newspath.asp?newsid=01899126625898808
157,마이스터,이데일리,http://www.edaily.co.kr/,http://www.edaily.co.kr/news/newspath.asp?newsid=01899126625898808
158,이스터,이데일리,http://www.edaily.co.kr/,http://www.edaily.co.kr/news/newspath.asp?newsid=01899126625898808
159,구매,이데일리,http://www.edaily.co.kr/,http://www.edaily.co.kr/news/newspath.asp?newsid=01899126625898808
160,50만원,이데일리,http://www.edaily.co.kr/,http://www.edaily.co.kr/news/newspath.asp?newsid=01899126625898808
161,할인,이데일리,http://www.edaily.co.kr/,http://www.edaily.co.kr/news/newspath.asp?newsid=01899126625898808
162,혜택,이데일리,http://www.edaily.co.kr/,http://www.edaily.co.kr/news/newspath.asp?newsid=01899126625898808
163,제공,이데일리,http://www.edaily.co.kr/,http://www.edaily.co.kr/news/newspath.asp?newsid=01899126625898808
164,출신,이데일리,http://www.edaily.co.kr/,http://www.edaily.co.kr/news/newspath.asp?newsid=01899126625898808
165,출신학교,이데일리,http://www.edaily.co.kr/,http://www.edaily.co.kr/news/newspath.asp?newsid=01899126625898808
166,학교,이데일리,http://www.edaily.co.kr/,http://www.edaily.co.kr/news/newspath.asp?newsid=01899126625898808
167,300만원,이데일리,http://www.edaily.co.kr/,http://www.edaily.co.kr/news/newspath.asp?newsid=01899126625898808
168,상당,이데일리,http://www.edaily.co.kr/,http://www.edaily.co.kr/news/newspath.asp?newsid=01899126625898808
169,후원,이데일리,http://www.edaily.co.kr/,http://www.edaily.co.kr/news/newspath.asp?newsid=01899126625898808
170,물품,이데일리,http://www.edaily.co.kr/,http://www.edaily.co.kr/news/newspath.asp?newsid=01899126625898808
171,전달,이데일리,http://www.edaily.co.kr/,http://www.edaily.co.kr/news/newspath.asp?newsid=01899126625898808
172,현대,이데일리,http://www.edaily.co.kr/,http://www.edaily.co.kr/news/newspath.asp?newsid=01899126625898808
173,현대캐피탈,이데일리,http://www.edaily.co.kr/,http://www.edaily.co.kr/news/newspath.asp?newsid=01899126625898808
174,캐피탈,이데일리,http://www.edaily.co.kr/,http://www.edaily.co.kr/news/newspath.asp?newsid=01899126625898808
175,스카이,이데일리,http://www.edaily.co.kr/,http://www.edaily.co.kr/news/newspath.asp?newsid=01899126625898808
176,스카이워커스,이데일리,http://www.edaily.co.kr/,http://www.edaily.co.kr/news/newspath.asp?newsid=01899126625898808
177,워커스,이데일리,http://www.edaily.co.kr/,http://www.edaily.co.kr/news/newspath.asp?newsid=01899126625898808
178,배구단,이데일리,http://www.edaily.co.kr/,http://www.edaily.co.kr/news/newspath.asp?newsid=01899126625898808
179,구단,이데일리,http://www.edaily.co.kr/,http://www.edaily.co.kr/news/newspath.asp?newsid=01899126625898808
180,펠로우,이데일리,http://www.edaily.co.kr/,http://www.edaily.co.kr/news/newspath.asp?newsid=01899126625898808
181,홍보,이데일리,http://www.edaily.co.kr/,http://www.edaily.co.kr/news/newspath.asp?newsid=01899126625898808
182,홍보대사,이데일리,http://www.edaily.co.kr/,http://www.edaily.co.kr/news/newspath.asp?newsid=01899126625898808
183,대사,이데일리,http://www.edaily.co.kr/,http://www.edaily.co.kr/news/newspath.asp?newsid=01899126625898808
184,2.5,이데일리,http://www.edaily.co.kr/,http://www.edaily.co.kr/news/newspath.asp?newsid=01899126625898808
185,가솔린,이데일리,http://www.edaily.co.kr/,http://www.edaily.co.kr/news/newspath.asp?newsid=01899126625898808
186,터보,이데일리,http://www.edaily.co.kr/,http://www.edaily.co.kr/news/newspath.asp?newsid=01899126625898808
187,모델,이데일리,http://www.edaily.co.kr/,http://www.edaily.co.kr/news/newspath.asp?newsid=01899126625898808
188,유년,이데일리,http://www.edaily.co.kr/,http://www.edaily.co.kr/news/newspath.asp?newsid=01899126625898808
189,시절,이데일리,http://www.edaily.co.kr/,http://www.edaily.co.kr/news/newspath.asp?newsid=01899126625898808
190,동료,이데일리,http://www.edaily.co.kr/,http://www.edaily.co.kr/news/newspath.asp?newsid=01899126625898808
191,동료이자,이데일리,http://www.edaily.co.kr/,http://www.edaily.co.kr/news/newspath.asp?newsid=01899126625898808
192,이자,이데일리,http://www.edaily.co.kr/,http://www.edaily.co.kr/news/newspath.asp?newsid=01899126625898808
193,절친,이데일리,http://www.edaily.co.kr/,http://www.edaily.co.kr/news/newspath.asp?newsid=01899126625898808
194,조영성,이데일리,http://www.edaily.co.kr/,http://www.edaily.co.kr/news/newspath.asp?newsid=01899126625898808
195,영성,이데일리,http://www.edaily.co.kr/,http://www.edaily.co.kr/news/newspath.asp?newsid=01899126625898808
196,코치,이데일리,http://www.edaily.co.kr/,http://www.edaily.co.kr/news/newspath.asp?newsid=01899126625898808
197,지도,이데일리,http://www.edaily.co.kr/,http://www.edaily.co.kr/news/newspath.asp?newsid=01899126625898808
198,안산,이데일리,http://www.edaily.co.kr/,http://www.edaily.co.kr/news/newspath.asp?newsid=01899126625898808
199,본오중학교,이데일리,http://www.edaily.co.kr/,http://www.edaily.co.kr/news/newspath.asp?newsid=01899126625898808
200,오중,이데일리,http://www.edaily.co.kr/,http://www.edaily.co.kr/news/newspath.asp?newsid=01899126625898808
201,배구팀,이데일리,http://www.edaily.co.kr/,http://www.edaily.co.kr/news/newspath.asp?newsid=01899126625898808
202,선정,이데일리,http://www.edaily.co.kr/,http://www.edaily.co.kr/news/newspath.asp?newsid=01899126625898808
203,300만,이데일리,http://www.edaily.co.kr/,http://www.edaily.co.kr/news/newspath.asp?newsid=01899126625898808
204,출시,이데일리,http://www.edaily.co.kr/,http://www.edaily.co.kr/news/newspath.asp?newsid=01899126625898808
205,관심,이데일리,http://www.edaily.co.kr/,http://www.edaily.co.kr/news/newspath.asp?newsid=01899126625898808
206,취지,이데일리,http://www.edaily.co.kr/,http://www.edaily.co.kr/news/newspath.asp?newsid=01899126625898808
207,공감,이데일리,http://www.edaily.co.kr/,http://www.edaily.co.kr/news/newspath.asp?newsid=01899126625898808
208,결심,이데일리,http://www.edaily.co.kr/,http://www.edaily.co.kr/news/newspath.asp?newsid=01899126625898808
209,도움,이데일리,http://www.edaily.co.kr/,http://www.edaily.co.kr/news/newspath.asp?newsid=01899126625898808
210,무엇,이데일리,http://www.edaily.co.kr/,http://www.edaily.co.kr/news/newspath.asp?newsid=01899126625898808
211,프로스포츠인,이데일리,http://www.edaily.co.kr/,http://www.edaily.co.kr/news/newspath.asp?newsid=01899126625898808
212,코로나,이데일리,http://www.edaily.co.kr/,http://www.edaily.co.kr/news/newspath.asp?newsid=01899126625898808
213,코로나19,이데일리,http://www.edaily.co.kr/,http://www.edaily.co.kr/news/newspath.asp?newsid=01899126625898808
214,훈련,이데일리,http://www.edaily.co.kr/,http://www.edaily.co.kr/news/newspath.asp?newsid=01899126625898808
215,소감,이데일리,http://www.edaily.co.kr/,http://www.edaily.co.kr/news/newspath.asp?newsid=01899126625898808
216,지원,이데일리,http://www.edaily.co.kr/,http://www.edaily.co.kr/news/newspath.asp?newsid=01899126625898808
217,이번,이데일리,http://www.edaily.co.kr/,http://www.edaily.co.kr/news/newspath.asp?newsid=01899126625898808
218,결정,이데일리,http://www.edaily.co.kr/,http://www.edaily.co.kr/news/newspath.asp?newsid=01899126625898808
219,감사,이데일리,http://www.edaily.co.kr/,http://www.edaily.co.kr/news/newspath.asp?newsid=01899126625898808
220,지도중인,이데일리,http://www.edaily.co.kr/,http://www.edaily.co.kr/news/newspath.asp?newsid=01899126625898808
221,학생,이데일리,http://www.edaily.co.kr/,http://www.edaily.co.kr/news/newspath.asp?newsid=01899126625898808
222,약속,이데일리,http://www.edaily.co.kr/,http://www.edaily.co.kr/news/newspath.asp?newsid=01899126625898808
223,기아자,이데일리,http://www.edaily.co.kr/,http://www.edaily.co.kr/news/newspath.asp?newsid=01899126625898808
224,동차,이데일리,http://www.edaily.co.kr/,http://www.edaily.co.kr/news/newspath.asp?newsid=01899126625898808
225,프리미엄,이데일리,http://www.edaily.co.kr/,http://www.edaily.co.kr/news/newspath.asp?newsid=01899126625898808
226,퍼포먼스,이데일리,http://www.edaily.co.kr/,http://www.edaily.co.kr/news/newspath.asp?newsid=01899126625898808
227,세단,이데일리,http://www.edaily.co.kr/,http://www.edaily.co.kr/news/newspath.asp?newsid=01899126625898808
228,가치,이데일리,http://www.edaily.co.kr/,http://www.edaily.co.kr/news/newspath.asp?newsid=01899126625898808
229,스포,이데일리,http://www.edaily.co.kr/,http://www.edaily.co.kr/news/newspath.asp?newsid=01899126625898808
230,스포티,이데일리,http://www.edaily.co.kr/,http://www.edaily.co.kr/news/newspath.asp?newsid=01899126625898808
231,스타일,이데일리,http://www.edaily.co.kr/,http://www.edaily.co.kr/news/newspath.asp?newsid=01899126625898808
232,주역,이데일리,http://www.edaily.co.kr/,http://www.edaily.co.kr/news/newspath.asp?newsid=01899126625898808
233,부합,이데일리,http://www.edaily.co.kr/,http://www.edaily.co.kr/news/newspath.asp?newsid=01899126625898808
234,판단,이데일리,http://www.edaily.co.kr/,http://www.edaily.co.kr/news/newspath.asp?newsid=01899126625898808
235,마련,이데일리,http://www.edaily.co.kr/,http://www.edaily.co.kr/news/newspath.asp?newsid=01899126625898808
236,구입,이데일리,http://www.edaily.co.kr/,http://www.edaily.co.kr/news/newspath.asp?newsid=01899126625898808
237,최초,이데일리,http://www.edaily.co.kr/,http://www.edaily.co.kr/news/newspath.asp?newsid=01899126625898808
238,신규,이데일리,http://www.edaily.co.kr/,http://www.edaily.co.kr/news/newspath.asp?newsid=01899126625898808
239,파워,이데일리,http://www.edaily.co.kr/,http://www.edaily.co.kr/news/newspath.asp?newsid=01899126625898808
240,파워트레인,이데일리,http://www.edaily.co.kr/,http://www.edaily.co.kr/news/newspath.asp?newsid=01899126625898808
241,트레인,이데일리,http://www.edaily.co.kr/,http://www.edaily.co.kr/news/newspath.asp?newsid=01899126625898808
242,스마트,이데일리,http://www.edaily.co.kr/,http://www.edaily.co.kr/news/newspath.asp?newsid=01899126625898808
243,스마트스트림,이데일리,http://www.edaily.co.kr/,http://www.edaily.co.kr/news/newspath.asp?newsid=01899126625898808
244,스트림,이데일리,http://www.edaily.co.kr/,http://www.edaily.co.kr/news/newspath.asp?newsid=01899126625898808
245,탑재,이데일리,http://www.edaily.co.kr/,http://www.edaily.co.kr/news/newspath.asp?newsid=01899126625898808
246,기존,이데일리,http://www.edaily.co.kr/,http://www.edaily.co.kr/news/newspath.asp?newsid=01899126625898808
247,대비,이데일리,http://www.edaily.co.kr/,http://www.edaily.co.kr/news/newspath.asp?newsid=01899126625898808
248,엔진,이데일리,http://www.edaily.co.kr/,http://www.edaily.co.kr/news/newspath.asp?newsid=01899126625898808
249,역동적,이데일리,http://www.edaily.co.kr/,http://www.edaily.co.kr/news/newspath.asp?newsid=01899126625898808
250,고급,이데일리,http://www.edaily.co.kr/,http://www.edaily.co.kr/news/newspath.asp?newsid=01899126625898808
251,디자인,이데일리,http://www.edaily.co.kr/,http://www.edaily.co.kr/news/newspath.asp?newsid=01899126625898808
252,첨단,이데일리,http://www.edaily.co.kr/,http://www.edaily.co.kr/news/newspath.asp?newsid=01899126625898808
253,안전,이데일리,http://www.edaily.co.kr/,http://www.edaily.co.kr/news/newspath.asp?newsid=01899126625898808
254,안전편의사양,이데일리,http://www.edaily.co.kr/,http://www.edaily.co.kr/news/newspath.asp?newsid=01899126625898808
255,편의,이데일리,http://www.edaily.co.kr/,http://www.edaily.co.kr/news/newspath.asp?newsid=01899126625898808
256,사양,이데일리,http://www.edaily.co.kr/,http://www.edaily.co.kr/news/newspath.asp?newsid=01899126625898808
257,적용,이데일리,http://www.edaily.co.kr/,http://www.edaily.co.kr/news/newspath.asp?newsid=01899126625898808
258,상품성,이데일리,http://www.edaily.co.kr/,http://www.edaily.co.kr/news/newspath.asp?newsid=01899126625898808
259,자랑,이데일리,http://www.edaily.co.kr/,http://www.edaily.co.kr/news/newspath.asp?newsid=01899126625898808
260,대한체육회,이데일리,http://www.edaily.co.kr/,http://www.edaily.co.kr/news/newspath.asp?newsid=01899126625898808
261,체육회,이데일리,http://www.edaily.co.kr/,http://www.edaily.co.kr/news/newspath.asp?newsid=01899126625898808
262,77개,이데일리,http://www.edaily.co.kr/,http://www.edaily.co.kr/news/newspath.asp?newsid=01899126625898808
263,단체,이데일리,http://www.edaily.co.kr/,http://www.edaily.co.kr/news/newspath.asp?newsid=01899126625898808
264,관계자,이데일리,http://www.edaily.co.kr/,http://www.edaily.co.kr/news/newspath.asp?newsid=01899126625898808
265,이후,이데일리,http://www.edaily.co.kr/,http://www.edaily.co.kr/news/newspath.asp?newsid=01899126625898808
266,고객,이데일리,http://www.edaily.co.kr/,http://www.edaily.co.kr/news/newspath.asp?newsid=01899126625898808
267,다양,이데일리,http://www.edaily.co.kr/,http://www.edaily.co.kr/news/newspath.asp?newsid=01899126625898808
268,마케팅,이데일리,http://www.edaily.co.kr/,http://www.edaily.co.kr/news/newspath.asp?newsid=01899126625898808
269,활동,이데일리,http://www.edaily.co.kr/,http://www.edaily.co.kr/news/newspath.asp?newsid=01899126625898808
270,노력,이데일리,http://www.edaily.co.kr/,http://www.edaily.co.kr/news/newspath.asp?newsid=01899126625898808
271,계열,서울경제,http://www.sedaily.com,https://www.sedaily.com/NewsView/1Z7SV1VHGF
272,계열회사,서울경제,http://www.sedaily.com,https://www.sedaily.com/NewsView/1Z7SV1VHGF
273,회사,서울경제,http://www.sedaily.com,https://www.sedaily.com/NewsView/1Z7SV1VHGF
274,유니원,서울경제,http://www.sedaily.com,https://www.sedaily.com/NewsView/1Z7SV1VHGF
275,종속,서울경제,http://www.sedaily.com,https://www.sedaily.com/NewsView/1Z7SV1VHGF
276,종속회사,서울경제,http://www.sedaily.com,https://www.sedaily.com/NewsView/1Z7SV1VHGF
277,유니,서울경제,http://www.sedaily.com,https://www.sedaily.com/NewsView/1Z7SV1VHGF
278,유니골프앤리조트,서울경제,http://www.sedaily.com,https://www.sedaily.com/NewsView/1Z7SV1VHGF
279,골프,서울경제,http://www.sedaily.com,https://www.sedaily.com/NewsView/1Z7SV1VHGF
280,리조트,서울경제,http://www.sedaily.com,https://www.sedaily.com/NewsView/1Z7SV1VHGF
281,230억,서울경제,http://www.sedaily.com,https://www.sedaily.com/NewsView/1Z7SV1VHGF
282,규모,서울경제,http://www.sedaily.com,https://www.sedaily.com/NewsView/1Z7SV1VHGF
283,출자,서울경제,http://www.sedaily.com,https://www.sedaily.com/NewsView/1Z7SV1VHGF
284,10일,서울경제,http://www.sedaily.com,https://www.sedaily.com/NewsView/1Z7SV1VHGF
285,공시,서울경제,http://www.sedaily.com,https://www.sedaily.com/NewsView/1Z7SV1VHGF
286,유니켐,서울경제,http://www.sedaily.com,https://www.sedaily.com/NewsView/1Z7SV1VHGF
287,가방,서울경제,http://www.sedaily.com,https://www.sedaily.com/NewsView/1Z7SV1VHGF
288,자동차,서울경제,http://www.sedaily.com,https://www.sedaily.com/NewsView/1Z7SV1VHGF
289,시트,서울경제,http://www.sedaily.com,https://www.sedaily.com/NewsView/1Z7SV1VHGF
290,시트용,서울경제,http://www.sedaily.com,https://www.sedaily.com/NewsView/1Z7SV1VHGF
291,원단,서울경제,http://www.sedaily.com,https://www.sedaily.com/NewsView/1Z7SV1VHGF
292,생산,서울경제,http://www.sedaily.com,https://www.sedaily.com/NewsView/1Z7SV1VHGF
293,중고,서울경제,http://www.sedaily.com,https://www.sedaily.com/NewsView/1Z7SV1VHGF
294,중고가의,서울경제,http://www.sedaily.com,https://www.sedaily.com/NewsView/1Z7SV1VHGF
295,가의,서울경제,http://www.sedaily.com,https://www.sedaily.com/NewsView/1Z7SV1VHGF
296,부가,서울경제,http://www.sedaily.com,https://www.sedaily.com/NewsView/1Z7SV1VHGF
297,부가가치,서울경제,http://www.sedaily.com,https://www.sedaily.com/NewsView/1Z7SV1VHGF
298,가치,서울경제,http://www.sedaily.com,https://www.sedaily.com/NewsView/1Z7SV1VHGF
299,개발,서울경제,http://www.sedaily.com,https://www.sedaily.com/NewsView/1Z7SV1VHGF
300,코치,서울경제,http://www.sedaily.com,https://www.sedaily.com/NewsView/1Z7SV1VHGF
301,투미,서울경제,http://www.sedaily.com,https://www.sedaily.com/NewsView/1Z7SV1VHGF
302,유명,서울경제,http://www.sedaily.com,https://www.sedaily.com/NewsView/1Z7SV1VHGF
303,브랜드,서울경제,http://www.sedaily.com,https://www.sedaily.com/NewsView/1Z7SV1VHGF
304,공급,서울경제,http://www.sedaily.com,https://www.sedaily.com/NewsView/1Z7SV1VHGF
305,경우,서울경제,http://www.sedaily.com,https://www.sedaily.com/NewsView/1Z7SV1VHGF
306,현대,서울경제,http://www.sedaily.com,https://www.sedaily.com/NewsView/1Z7SV1VHGF
307,기아,서울경제,http://www.sedaily.com,https://www.sedaily.com/NewsView/1Z7SV1VHGF
308,기아자동차,서울경제,http://www.sedaily.com,https://www.sedaily.com/NewsView/1Z7SV1VHGF
309,피혁,서울경제,http://www.sedaily.com,https://www.sedaily.com/NewsView/1Z7SV1VHGF
310,피혁제품,서울경제,http://www.sedaily.com,https://www.sedaily.com/NewsView/1Z7SV1VHGF
311,제품,서울경제,http://www.sedaily.com,https://www.sedaily.com/NewsView/1Z7SV1VHGF
312,자회사,서울경제,http://www.sedaily.com,https://www.sedaily.com/NewsView/1Z7SV1VHGF
313,김상훈기자,서울경제,http://www.sedaily.com,https://www.sedaily.com/NewsView/1Z7SV1VHGF
314,상훈,서울경제,http://www.sedaily.com,https://www.sedaily.com/NewsView/1Z7SV1VHGF
315,기자,서울경제,http://www.sedaily.com,https://www.sedaily.com/NewsView/1Z7SV1VHGF
316,이데일리,이데일리,http://www.edaily.co.kr/,http://www.edaily.co.kr/news/newspath.asp?newsid=03847446625898808
317,데일리,이데일리,http://www.edaily.co.kr/,http://www.edaily.co.kr/news/newspath.asp?newsid=03847446625898808
318,후섭,이데일리,http://www.edaily.co.kr/,http://www.edaily.co.kr/news/newspath.asp?newsid=03847446625898808
319,기자,이데일리,http://www.edaily.co.kr/,http://www.edaily.co.kr/news/newspath.asp?newsid=03847446625898808
320,기술,이데일리,http://www.edaily.co.kr/,http://www.edaily.co.kr/news/newspath.asp?newsid=03847446625898808
321,브라우저,이데일리,http://www.edaily.co.kr/,http://www.edaily.co.kr/news/newspath.asp?newsid=03847446625898808
322,다양,이데일리,http://www.edaily.co.kr/,http://www.edaily.co.kr/news/newspath.asp?newsid=03847446625898808
323,산업,이데일리,http://www.edaily.co.kr/,http://www.edaily.co.kr/news/newspath.asp?newsid=03847446625898808
324,보급,이데일리,http://www.edaily.co.kr/,http://www.edaily.co.kr/news/newspath.asp?newsid=03847446625898808
325,일상생활,이데일리,http://www.edaily.co.kr/,http://www.edaily.co.kr/news/newspath.asp?newsid=03847446625898808
326,밀접,이데일리,http://www.edaily.co.kr/,http://www.edaily.co.kr/news/newspath.asp?newsid=03847446625898808
327,모바일,이데일리,http://www.edaily.co.kr/,http://www.edaily.co.kr/news/newspath.asp?newsid=03847446625898808
328,형태,이데일리,http://www.edaily.co.kr/,http://www.edaily.co.kr/news/newspath.asp?newsid=03847446625898808
329,있으며,이데일리,http://www.edaily.co.kr/,http://www.edaily.co.kr/news/newspath.asp?newsid=03847446625898808
330,자율,이데일리,http://www.edaily.co.kr/,http://www.edaily.co.kr/news/newspath.asp?newsid=03847446625898808
331,자율주행차,이데일리,http://www.edaily.co.kr/,http://www.edaily.co.kr/news/newspath.asp?newsid=03847446625898808
332,주행,이데일리,http://www.edaily.co.kr/,http://www.edaily.co.kr/news/newspath.asp?newsid=03847446625898808
333,적용,이데일리,http://www.edaily.co.kr/,http://www.edaily.co.kr/news/newspath.asp?newsid=03847446625898808
334,차량,이데일리,http://www.edaily.co.kr/,http://www.edaily.co.kr/news/newspath.asp?newsid=03847446625898808
335,클라우드,이데일리,http://www.edaily.co.kr/,http://www.edaily.co.kr/news/newspath.asp?newsid=03847446625898808
336,데이터,이데일리,http://www.edaily.co.kr/,http://www.edaily.co.kr/news/newspath.asp?newsid=03847446625898808
337,서비스,이데일리,http://www.edaily.co.kr/,http://www.edaily.co.kr/news/newspath.asp?newsid=03847446625898808
338,스마트,이데일리,http://www.edaily.co.kr/,http://www.edaily.co.kr/news/newspath.asp?newsid=03847446625898808
339,스마트홈,이데일리,http://www.edaily.co.kr/,http://www.edaily.co.kr/news/newspath.asp?newsid=03847446625898808
340,연동,이데일리,http://www.edaily.co.kr/,http://www.edaily.co.kr/news/newspath.asp?newsid=03847446625898808
341,가능,이데일리,http://www.edaily.co.kr/,http://www.edaily.co.kr/news/newspath.asp?newsid=03847446625898808
342,전망,이데일리,http://www.edaily.co.kr/,http://www.edaily.co.kr/news/newspath.asp?newsid=03847446625898808
343,한국,이데일리,http://www.edaily.co.kr/,http://www.edaily.co.kr/news/newspath.asp?newsid=03847446625898808
344,한국인터넷진흥원,이데일리,http://www.edaily.co.kr/,http://www.edaily.co.kr/news/newspath.asp?newsid=03847446625898808
345,인터넷,이데일리,http://www.edaily.co.kr/,http://www.edaily.co.kr/news/newspath.asp?newsid=03847446625898808
346,진흥원,이데일리,http://www.edaily.co.kr/,http://www.edaily.co.kr/news/newspath.asp?newsid=03847446625898808
347,10일,이데일리,http://www.edaily.co.kr/,http://www.edaily.co.kr/news/newspath.asp?newsid=03847446625898808
348,포스트,이데일리,http://www.edaily.co.kr/,http://www.edaily.co.kr/news/newspath.asp?newsid=03847446625898808
349,코로나,이데일리,http://www.edaily.co.kr/,http://www.edaily.co.kr/news/newspath.asp?newsid=03847446625898808
350,시대,이데일리,http://www.edaily.co.kr/,http://www.edaily.co.kr/news/newspath.asp?newsid=03847446625898808
351,현재,이데일리,http://www.edaily.co.kr/,http://www.edaily.co.kr/news/newspath.asp?newsid=03847446625898808
352,미래,이데일리,http://www.edaily.co.kr/,http://www.edaily.co.kr/news/newspath.asp?newsid=03847446625898808
353,세미나,이데일리,http://www.edaily.co.kr/,http://www.edaily.co.kr/news/newspath.asp?newsid=03847446625898808
354,온라인,이데일리,http://www.edaily.co.kr/,http://www.edaily.co.kr/news/newspath.asp?newsid=03847446625898808
355,개최,이데일리,http://www.edaily.co.kr/,http://www.edaily.co.kr/news/newspath.asp?newsid=03847446625898808
356,트렌드,이데일리,http://www.edaily.co.kr/,http://www.edaily.co.kr/news/newspath.asp?newsid=03847446625898808
357,주제,이데일리,http://www.edaily.co.kr/,http://www.edaily.co.kr/news/newspath.asp?newsid=03847446625898808
358,발표,이데일리,http://www.edaily.co.kr/,http://www.edaily.co.kr/news/newspath.asp?newsid=03847446625898808
359,송효,이데일리,http://www.edaily.co.kr/,http://www.edaily.co.kr/news/newspath.asp?newsid=03847446625898808
360,전자,이데일리,http://www.edaily.co.kr/,http://www.edaily.co.kr/news/newspath.asp?newsid=03847446625898808
361,선임,이데일리,http://www.edaily.co.kr/,http://www.edaily.co.kr/news/newspath.asp?newsid=03847446625898808
362,선임연구원,이데일리,http://www.edaily.co.kr/,http://www.edaily.co.kr/news/newspath.asp?newsid=03847446625898808
363,연구원,이데일리,http://www.edaily.co.kr/,http://www.edaily.co.kr/news/newspath.asp?newsid=03847446625898808
364,개발,이데일리,http://www.edaily.co.kr/,http://www.edaily.co.kr/news/newspath.asp?newsid=03847446625898808
365,30년,이데일리,http://www.edaily.co.kr/,http://www.edaily.co.kr/news/newspath.asp?newsid=03847446625898808
366,방면,이데일리,http://www.edaily.co.kr/,http://www.edaily.co.kr/news/newspath.asp?newsid=03847446625898808
367,활용,이데일리,http://www.edaily.co.kr/,http://www.edaily.co.kr/news/newspath.asp?newsid=03847446625898808
368,핵심,이데일리,http://www.edaily.co.kr/,http://www.edaily.co.kr/news/newspath.asp?newsid=03847446625898808
369,가치,이데일리,http://www.edaily.co.kr/,http://www.edaily.co.kr/news/newspath.asp?newsid=03847446625898808
370,정보,이데일리,http://www.edaily.co.kr/,http://www.edaily.co.kr/news/newspath.asp?newsid=03847446625898808
371,공유,이데일리,http://www.edaily.co.kr/,http://www.edaily.co.kr/news/newspath.asp?newsid=03847446625898808
372,배포,이데일리,http://www.edaily.co.kr/,http://www.edaily.co.kr/news/newspath.asp?newsid=03847446625898808
373,경쟁자,이데일리,http://www.edaily.co.kr/,http://www.edaily.co.kr/news/newspath.asp?newsid=03847446625898808
374,특정,이데일리,http://www.edaily.co.kr/,http://www.edaily.co.kr/news/newspath.asp?newsid=03847446625898808
375,기업,이데일리,http://www.edaily.co.kr/,http://www.edaily.co.kr/news/newspath.asp?newsid=03847446625898808
376,종속,이데일리,http://www.edaily.co.kr/,http://www.edaily.co.kr/news/newspath.asp?newsid=03847446625898808
377,모두,이데일리,http://www.edaily.co.kr/,http://www.edaily.co.kr/news/newspath.asp?newsid=03847446625898808
378,오픈,이데일리,http://www.edaily.co.kr/,http://www.edaily.co.kr/news/newspath.asp?newsid=03847446625898808
379,2000년대,이데일리,http://www.edaily.co.kr/,http://www.edaily.co.kr/news/newspath.asp?newsid=03847446625898808
380,년대,이데일리,http://www.edaily.co.kr/,http://www.edaily.co.kr/news/newspath.asp?newsid=03847446625898808
381,초반,이데일리,http://www.edaily.co.kr/,http://www.edaily.co.kr/news/newspath.asp?newsid=03847446625898808
382,이용,이데일리,http://www.edaily.co.kr/,http://www.edaily.co.kr/news/newspath.asp?newsid=03847446625898808
383,작업,이데일리,http://www.edaily.co.kr/,http://www.edaily.co.kr/news/newspath.asp?newsid=03847446625898808
384,수행,이데일리,http://www.edaily.co.kr/,http://www.edaily.co.kr/news/newspath.asp?newsid=03847446625898808
385,2010년,이데일리,http://www.edaily.co.kr/,http://www.edaily.co.kr/news/newspath.asp?newsid=03847446625898808
386,스마트폰,이데일리,http://www.edaily.co.kr/,http://www.edaily.co.kr/news/newspath.asp?newsid=03847446625898808
387,시작,이데일리,http://www.edaily.co.kr/,http://www.edaily.co.kr/news/newspath.asp?newsid=03847446625898808
388,있어,이데일리,http://www.edaily.co.kr/,http://www.edaily.co.kr/news/newspath.asp?newsid=03847446625898808
389,일상,이데일리,http://www.edaily.co.kr/,http://www.edaily.co.kr/news/newspath.asp?newsid=03847446625898808
390,생활,이데일리,http://www.edaily.co.kr/,http://www.edaily.co.kr/news/newspath.asp?newsid=03847446625898808
391,카카오톡으,이데일리,http://www.edaily.co.kr/,http://www.edaily.co.kr/news/newspath.asp?newsid=03847446625898808
392,인터넷주소,이데일리,http://www.edaily.co.kr/,http://www.edaily.co.kr/news/newspath.asp?newsid=03847446625898808
393,주소,이데일리,http://www.edaily.co.kr/,http://www.edaily.co.kr/news/newspath.asp?newsid=03847446625898808
394,실행,이데일리,http://www.edaily.co.kr/,http://www.edaily.co.kr/news/newspath.asp?newsid=03847446625898808
395,해당,이데일리,http://www.edaily.co.kr/,http://www.edaily.co.kr/news/newspath.asp?newsid=03847446625898808
396,리소스,이데일리,http://www.edaily.co.kr/,http://www.edaily.co.kr/news/newspath.asp?newsid=03847446625898808
397,소스,이데일리,http://www.edaily.co.kr/,http://www.edaily.co.kr/news/newspath.asp?newsid=03847446625898808
398,설명,이데일리,http://www.edaily.co.kr/,http://www.edaily.co.kr/news/newspath.asp?newsid=03847446625898808
399,글로벌,이데일리,http://www.edaily.co.kr/,http://www.edaily.co.kr/news/newspath.asp?newsid=03847446625898808
400,시장,이데일리,http://www.edaily.co.kr/,http://www.edaily.co.kr/news/newspath.asp?newsid=03847446625898808
401,구글,이데일리,http://www.edaily.co.kr/,http://www.edaily.co.kr/news/newspath.asp?newsid=03847446625898808
402,크롬,이데일리,http://www.edaily.co.kr/,http://www.edaily.co.kr/news/newspath.asp?newsid=03847446625898808
403,압도,이데일리,http://www.edaily.co.kr/,http://www.edaily.co.kr/news/newspath.asp?newsid=03847446625898808
404,압도적인,이데일리,http://www.edaily.co.kr/,http://www.edaily.co.kr/news/newspath.asp?newsid=03847446625898808
405,적인,이데일리,http://www.edaily.co.kr/,http://www.edaily.co.kr/news/newspath.asp?newsid=03847446625898808
406,점유율,이데일리,http://www.edaily.co.kr/,http://www.edaily.co.kr/news/newspath.asp?newsid=03847446625898808
407,차지,이데일리,http://www.edaily.co.kr/,http://www.edaily.co.kr/news/newspath.asp?newsid=03847446625898808
408,마이크로,이데일리,http://www.edaily.co.kr/,http://www.edaily.co.kr/news/newspath.asp?newsid=03847446625898808
409,마이크로소프트,이데일리,http://www.edaily.co.kr/,http://www.edaily.co.kr/news/newspath.asp?newsid=03847446625898808
410,소프트,이데일리,http://www.edaily.co.kr/,http://www.edaily.co.kr/news/newspath.asp?newsid=03847446625898808
411,엣지,이데일리,http://www.edaily.co.kr/,http://www.edaily.co.kr/news/newspath.asp?newsid=03847446625898808
412,네이버,이데일리,http://www.edaily.co.kr/,http://www.edaily.co.kr/news/newspath.asp?newsid=03847446625898808
413,웨일,이데일리,http://www.edaily.co.kr/,http://www.edaily.co.kr/news/newspath.asp?newsid=03847446625898808
414,대다수,이데일리,http://www.edaily.co.kr/,http://www.edaily.co.kr/news/newspath.asp?newsid=03847446625898808
415,크로,이데일리,http://www.edaily.co.kr/,http://www.edaily.co.kr/news/newspath.asp?newsid=03847446625898808
416,크로미움,이데일리,http://www.edaily.co.kr/,http://www.edaily.co.kr/news/newspath.asp?newsid=03847446625898808
417,기반,이데일리,http://www.edaily.co.kr/,http://www.edaily.co.kr/news/newspath.asp?newsid=03847446625898808
418,투입,이데일리,http://www.edaily.co.kr/,http://www.edaily.co.kr/news/newspath.asp?newsid=03847446625898808
419,운영,이데일리,http://www.edaily.co.kr/,http://www.edaily.co.kr/news/newspath.asp?newsid=03847446625898808
420,오픈소스,이데일리,http://www.edaily.co.kr/,http://www.edaily.co.kr/news/newspath.asp?newsid=03847446625898808
421,프로젝트,이데일리,http://www.edaily.co.kr/,http://www.edaily.co.kr/news/newspath.asp?newsid=03847446625898808
422,1000명,이데일리,http://www.edaily.co.kr/,http://www.edaily.co.kr/news/newspath.asp?newsid=03847446625898808
423,개발자,이데일리,http://www.edaily.co.kr/,http://www.edaily.co.kr/news/newspath.asp?newsid=03847446625898808
424,참여,이데일리,http://www.edaily.co.kr/,http://www.edaily.co.kr/news/newspath.asp?newsid=03847446625898808
425,버전,이데일리,http://www.edaily.co.kr/,http://www.edaily.co.kr/news/newspath.asp?newsid=03847446625898808
426,업데이트,이데일리,http://www.edaily.co.kr/,http://www.edaily.co.kr/news/newspath.asp?newsid=03847446625898808
427,패치,이데일리,http://www.edaily.co.kr/,http://www.edaily.co.kr/news/newspath.asp?newsid=03847446625898808
428,개수,이데일리,http://www.edaily.co.kr/,http://www.edaily.co.kr/news/newspath.asp?newsid=03847446625898808
429,2년전,이데일리,http://www.edaily.co.kr/,http://www.edaily.co.kr/news/newspath.asp?newsid=03847446625898808
430,계속,이데일리,http://www.edaily.co.kr/,http://www.edaily.co.kr/news/newspath.asp?newsid=03847446625898808
431,발전,이데일리,http://www.edaily.co.kr/,http://www.edaily.co.kr/news/newspath.asp?newsid=03847446625898808
432,지표,이데일리,http://www.edaily.co.kr/,http://www.edaily.co.kr/news/newspath.asp?newsid=03847446625898808
433,향후,이데일리,http://www.edaily.co.kr/,http://www.edaily.co.kr/news/newspath.asp?newsid=03847446625898808
434,어셈블리,이데일리,http://www.edaily.co.kr/,http://www.edaily.co.kr/news/newspath.asp?newsid=03847446625898808
435,프로,이데일리,http://www.edaily.co.kr/,http://www.edaily.co.kr/news/newspath.asp?newsid=03847446625898808
436,프로그레시브,이데일리,http://www.edaily.co.kr/,http://www.edaily.co.kr/news/newspath.asp?newsid=03847446625898808
437,그레,이데일리,http://www.edaily.co.kr/,http://www.edaily.co.kr/news/newspath.asp?newsid=03847446625898808
438,시브,이데일리,http://www.edaily.co.kr/,http://www.edaily.co.kr/news/newspath.asp?newsid=03847446625898808
439,앱스,이데일리,http://www.edaily.co.kr/,http://www.edaily.co.kr/news/newspath.asp?newsid=03847446625898808
440,5년전,이데일리,http://www.edaily.co.kr/,http://www.edaily.co.kr/news/newspath.asp?newsid=03847446625898808
441,시큐리티,이데일리,http://www.edaily.co.kr/,http://www.edaily.co.kr/news/newspath.asp?newsid=03847446625898808
442,숙제,이데일리,http://www.edaily.co.kr/,http://www.edaily.co.kr/news/newspath.asp?newsid=03847446625898808
443,내년,이데일리,http://www.edaily.co.kr/,http://www.edaily.co.kr/news/newspath.asp?newsid=03847446625898808
444,안정화,이데일리,http://www.edaily.co.kr/,http://www.edaily.co.kr/news/newspath.asp?newsid=03847446625898808
445,2년,이데일리,http://www.edaily.co.kr/,http://www.edaily.co.kr/news/newspath.asp?newsid=03847446625898808
446,체감,이데일리,http://www.edaily.co.kr/,http://www.edaily.co.kr/news/newspath.asp?newsid=03847446625898808
447,2015년,이데일리,http://www.edaily.co.kr/,http://www.edaily.co.kr/news/newspath.asp?newsid=03847446625898808
448,리딩,이데일리,http://www.edaily.co.kr/,http://www.edaily.co.kr/news/newspath.asp?newsid=03847446625898808
449,수준,이데일리,http://www.edaily.co.kr/,http://www.edaily.co.kr/news/newspath.asp?newsid=03847446625898808
450,사용자,이데일리,http://www.edaily.co.kr/,http://www.edaily.co.kr/news/newspath.asp?newsid=03847446625898808
451,경험,이데일리,http://www.edaily.co.kr/,http://www.edaily.co.kr/news/newspath.asp?newsid=03847446625898808
452,제공,이데일리,http://www.edaily.co.kr/,http://www.edaily.co.kr/news/newspath.asp?newsid=03847446625898808
453,목적,이데일리,http://www.edaily.co.kr/,http://www.edaily.co.kr/news/newspath.asp?newsid=03847446625898808
454,내후년,이데일리,http://www.edaily.co.kr/,http://www.edaily.co.kr/news/newspath.asp?newsid=03847446625898808
455,주요,이데일리,http://www.edaily.co.kr/,http://www.edaily.co.kr/news/newspath.asp?newsid=03847446625898808
456,업체,이데일리,http://www.edaily.co.kr/,http://www.edaily.co.kr/news/newspath.asp?newsid=03847446625898808
457,적극적,이데일리,http://www.edaily.co.kr/,http://www.edaily.co.kr/news/newspath.asp?newsid=03847446625898808
458,채용,이데일리,http://www.edaily.co.kr/,http://www.edaily.co.kr/news/newspath.asp?newsid=03847446625898808
459,넥티,이데일리,http://www.edaily.co.kr/,http://www.edaily.co.kr/news/newspath.asp?newsid=03847446625898808
460,원석,이데일리,http://www.edaily.co.kr/,http://www.edaily.co.kr/news/newspath.asp?newsid=03847446625898808
461,한국전자,이데일리,http://www.edaily.co.kr/,http://www.edaily.co.kr/news/newspath.asp?newsid=03847446625898808
462,한국전자통신연구원,이데일리,http://www.edaily.co.kr/,http://www.edaily.co.kr/news/newspath.asp?newsid=03847446625898808
463,통신,이데일리,http://www.edaily.co.kr/,http://www.edaily.co.kr/news/newspath.asp?newsid=03847446625898808
464,책임,이데일리,http://www.edaily.co.kr/,http://www.edaily.co.kr/news/newspath.asp?newsid=03847446625898808
465,책임연구원,이데일리,http://www.edaily.co.kr/,http://www.edaily.co.kr/news/newspath.asp?newsid=03847446625898808
466,기본적,이데일리,http://www.edaily.co.kr/,http://www.edaily.co.kr/news/newspath.asp?newsid=03847446625898808
467,연결,이데일리,http://www.edaily.co.kr/,http://www.edaily.co.kr/news/newspath.asp?newsid=03847446625898808
468,상황,이데일리,http://www.edaily.co.kr/,http://www.edaily.co.kr/news/newspath.asp?newsid=03847446625898808
469,중요,이데일리,http://www.edaily.co.kr/,http://www.edaily.co.kr/news/newspath.asp?newsid=03847446625898808
470,기능,이데일리,http://www.edaily.co.kr/,http://www.edaily.co.kr/news/newspath.asp?newsid=03847446625898808
471,하나,이데일리,http://www.edaily.co.kr/,http://www.edaily.co.kr/news/newspath.asp?newsid=03847446625898808
472,관제,이데일리,http://www.edaily.co.kr/,http://www.edaily.co.kr/news/newspath.asp?newsid=03847446625898808
473,인포,이데일리,http://www.edaily.co.kr/,http://www.edaily.co.kr/news/newspath.asp?newsid=03847446625898808
474,인포테,이데일리,http://www.edaily.co.kr/,http://www.edaily.co.kr/news/newspath.asp?newsid=03847446625898808
475,먼트,이데일리,http://www.edaily.co.kr/,http://www.edaily.co.kr/news/newspath.asp?newsid=03847446625898808
476,시스템,이데일리,http://www.edaily.co.kr/,http://www.edaily.co.kr/news/newspath.asp?newsid=03847446625898808
477,내부,이데일리,http://www.edaily.co.kr/,http://www.edaily.co.kr/news/newspath.asp?newsid=03847446625898808
478,서버,이데일리,http://www.edaily.co.kr/,http://www.edaily.co.kr/news/newspath.asp?newsid=03847446625898808
479,존재,이데일리,http://www.edaily.co.kr/,http://www.edaily.co.kr/news/newspath.asp?newsid=03847446625898808
480,외부,이데일리,http://www.edaily.co.kr/,http://www.edaily.co.kr/news/newspath.asp?newsid=03847446625898808
481,수집,이데일리,http://www.edaily.co.kr/,http://www.edaily.co.kr/news/newspath.asp?newsid=03847446625898808
482,출시,이데일리,http://www.edaily.co.kr/,http://www.edaily.co.kr/news/newspath.asp?newsid=03847446625898808
483,온도,이데일리,http://www.edaily.co.kr/,http://www.edaily.co.kr/news/newspath.asp?newsid=03847446625898808
484,습도,이데일리,http://www.edaily.co.kr/,http://www.edaily.co.kr/news/newspath.asp?newsid=03847446625898808
485,트래픽,이데일리,http://www.edaily.co.kr/,http://www.edaily.co.kr/news/newspath.asp?newsid=03847446625898808
486,기상,이데일리,http://www.edaily.co.kr/,http://www.edaily.co.kr/news/newspath.asp?newsid=03847446625898808
487,기상예측,이데일리,http://www.edaily.co.kr/,http://www.edaily.co.kr/news/newspath.asp?newsid=03847446625898808
488,예측,이데일리,http://www.edaily.co.kr/,http://www.edaily.co.kr/news/newspath.asp?newsid=03847446625898808
489,자체,이데일리,http://www.edaily.co.kr/,http://www.edaily.co.kr/news/newspath.asp?newsid=03847446625898808
490,센서,이데일리,http://www.edaily.co.kr/,http://www.edaily.co.kr/news/newspath.asp?newsid=03847446625898808
491,현대지동차,이데일리,http://www.edaily.co.kr/,http://www.edaily.co.kr/news/newspath.asp?newsid=03847446625898808
492,대지,이데일리,http://www.edaily.co.kr/,http://www.edaily.co.kr/news/newspath.asp?newsid=03847446625898808
493,동차,이데일리,http://www.edaily.co.kr/,http://www.edaily.co.kr/news/newspath.asp?newsid=03847446625898808
494,경우,이데일리,http://www.edaily.co.kr/,http://www.edaily.co.kr/news/newspath.asp?newsid=03847446625898808
495,자사,이데일리,http://www.edaily.co.kr/,http://www.edaily.co.kr/news/newspath.asp?newsid=03847446625898808
496,정제,이데일리,http://www.edaily.co.kr/,http://www.edaily.co.kr/news/newspath.asp?newsid=03847446625898808
497,부가,이데일리,http://www.edaily.co.kr/,http://www.edaily.co.kr/news/newspath.asp?newsid=03847446625898808
498,부가가치,이데일리,http://www.edaily.co.kr/,http://www.edaily.co.kr/news/newspath.asp?newsid=03847446625898808
499,렉사,이데일리,http://www.edaily.co.kr/,http://www.edaily.co.kr/news/newspath.asp?newsid=03847446625898808
500,실제,이데일리,http://www.edaily.co.kr/,http://www.edaily.co.kr/news/newspath.asp?newsid=03847446625898808
501,현대,이데일리,http://www.edaily.co.kr/,http://www.edaily.co.kr/news/newspath.asp?newsid=03847446625898808
502,현대자동차,이데일리,http://www.edaily.co.kr/,http://www.edaily.co.kr/news/newspath.asp?newsid=03847446625898808
503,자동차,이데일리,http://www.edaily.co.kr/,http://www.edaily.co.kr/news/newspath.asp?newsid=03847446625898808
504,기아,이데일리,http://www.edaily.co.kr/,http://www.edaily.co.kr/news/newspath.asp?newsid=03847446625898808
505,기아자동차,이데일리,http://www.edaily.co.kr/,http://www.edaily.co.kr/news/newspath.asp?newsid=03847446625898808
506,이동,이데일리,http://www.edaily.co.kr/,http://www.edaily.co.kr/news/newspath.asp?newsid=03847446625898808
507,이동통신,이데일리,http://www.edaily.co.kr/,http://www.edaily.co.kr/news/newspath.asp?newsid=03847446625898808
508,재판매,이데일리,http://www.edaily.co.kr/,http://www.edaily.co.kr/news/newspath.asp?newsid=03847446625898808
509,사업자,이데일리,http://www.edaily.co.kr/,http://www.edaily.co.kr/news/newspath.asp?newsid=03847446625898808
510,변경,이데일리,http://www.edaily.co.kr/,http://www.edaily.co.kr/news/newspath.asp?newsid=03847446625898808
511,변경등록하면서,이데일리,http://www.edaily.co.kr/,http://www.edaily.co.kr/news/newspath.asp?newsid=03847446625898808
512,등록,이데일리,http://www.edaily.co.kr/,http://www.edaily.co.kr/news/newspath.asp?newsid=03847446625898808
513,하면서,이데일리,http://www.edaily.co.kr/,http://www.edaily.co.kr/news/newspath.asp?newsid=03847446625898808
514,차량제어,이데일리,http://www.edaily.co.kr/,http://www.edaily.co.kr/news/newspath.asp?newsid=03847446625898808
515,제어,이데일리,http://www.edaily.co.kr/,http://www.edaily.co.kr/news/newspath.asp?newsid=03847446625898808
516,융합,이데일리,http://www.edaily.co.kr/,http://www.edaily.co.kr/news/newspath.asp?newsid=03847446625898808
517,융합서비스,이데일리,http://www.edaily.co.kr/,http://www.edaily.co.kr/news/newspath.asp?newsid=03847446625898808
518,마련,이데일리,http://www.edaily.co.kr/,http://www.edaily.co.kr/news/newspath.asp?newsid=03847446625898808
519,차량공유,이데일리,http://www.edaily.co.kr/,http://www.edaily.co.kr/news/newspath.asp?newsid=03847446625898808
520,셰어링,이데일리,http://www.edaily.co.kr/,http://www.edaily.co.kr/news/newspath.asp?newsid=03847446625898808
521,맞춤,이데일리,http://www.edaily.co.kr/,http://www.edaily.co.kr/news/newspath.asp?newsid=03847446625898808
522,맞춤형,이데일리,http://www.edaily.co.kr/,http://www.edaily.co.kr/news/newspath.asp?newsid=03847446625898808
523,처음,이데일리,http://www.edaily.co.kr/,http://www.edaily.co.kr/news/newspath.asp?newsid=03847446625898808
524,의자,이데일리,http://www.edaily.co.kr/,http://www.edaily.co.kr/news/newspath.asp?newsid=03847446625898808
525,사이드,이데일리,http://www.edaily.co.kr/,http://www.edaily.co.kr/news/newspath.asp?newsid=03847446625898808
526,사이드미러,이데일리,http://www.edaily.co.kr/,http://www.edaily.co.kr/news/newspath.asp?newsid=03847446625898808
527,미러,이데일리,http://www.edaily.co.kr/,http://www.edaily.co.kr/news/newspath.asp?newsid=03847446625898808
528,본인,이데일리,http://www.edaily.co.kr/,http://www.edaily.co.kr/news/newspath.asp?newsid=03847446625898808
529,설정,이데일리,http://www.edaily.co.kr/,http://www.edaily.co.kr/news/newspath.asp?newsid=03847446625898808
530,저장,이데일리,http://www.edaily.co.kr/,http://www.edaily.co.kr/news/newspath.asp?newsid=03847446625898808
531,자동,이데일리,http://www.edaily.co.kr/,http://www.edaily.co.kr/news/newspath.asp?newsid=03847446625898808
532,세팅,이데일리,http://www.edaily.co.kr/,http://www.edaily.co.kr/news/newspath.asp?newsid=03847446625898808
533,연동해,이데일리,http://www.edaily.co.kr/,http://www.edaily.co.kr/news/newspath.asp?newsid=03847446625898808
534,동해,이데일리,http://www.edaily.co.kr/,http://www.edaily.co.kr/news/newspath.asp?newsid=03847446625898808
535,비가,이데일리,http://www.edaily.co.kr/,http://www.edaily.co.kr/news/newspath.asp?newsid=03847446625898808
536,창문,이데일리,http://www.edaily.co.kr/,http://www.edaily.co.kr/news/newspath.asp?newsid=03847446625898808
537,확인,이데일리,http://www.edaily.co.kr/,http://www.edaily.co.kr/news/newspath.asp?newsid=03847446625898808
538,퇴근,이데일리,http://www.edaily.co.kr/,http://www.edaily.co.kr/news/newspath.asp?newsid=03847446625898808
539,보일러,이데일리,http://www.edaily.co.kr/,http://www.edaily.co.kr/news/newspath.asp?newsid=03847446625898808
540,국제,이데일리,http://www.edaily.co.kr/,http://www.edaily.co.kr/news/newspath.asp?newsid=03847446625898808
541,표준,이데일리,http://www.edaily.co.kr/,http://www.edaily.co.kr/news/newspath.asp?newsid=03847446625898808
542,기구,이데일리,http://www.edaily.co.kr/,http://www.edaily.co.kr/news/newspath.asp?newsid=03847446625898808
543,와의,이데일리,http://www.edaily.co.kr/,http://www.edaily.co.kr/news/newspath.asp?newsid=03847446625898808
544,협력,이데일리,http://www.edaily.co.kr/,http://www.edaily.co.kr/news/newspath.asp?newsid=03847446625898808
545,올해,이데일리,http://www.edaily.co.kr/,http://www.edaily.co.kr/news/newspath.asp?newsid=03847446625898808
546,최종,이데일리,http://www.edaily.co.kr/,http://www.edaily.co.kr/news/newspath.asp?newsid=03847446625898808
547,마무리,이데일리,http://www.edaily.co.kr/,http://www.edaily.co.kr/news/newspath.asp?newsid=03847446625898808
548,예상,이데일리,http://www.edaily.co.kr/,http://www.edaily.co.kr/news/newspath.asp?newsid=03847446625898808
549,현대차도,이데일리,http://www.edaily.co.kr/,http://www.edaily.co.kr/news/newspath.asp?newsid=03847446625898808
550,차도,이데일리,http://www.edaily.co.kr/,http://www.edaily.co.kr/news/newspath.asp?newsid=03847446625898808
551,2025년,이데일리,http://www.edaily.co.kr/,http://www.edaily.co.kr/news/newspath.asp?newsid=03847446625898808
552,상용화,이데일리,http://www.edaily.co.kr/,http://www.edaily.co.kr/news/newspath.asp?newsid=03847446625898808
553,용화,이데일리,http://www.edaily.co.kr/,http://www.edaily.co.kr/news/newspath.asp?newsid=03847446625898808
